# Dual boot for the Waveshare 1.69 watch: XR TAK in ota_0, Pocket Tank in ota_1, and the
# tank's model. The pocket-tank fork's board config uses this same table; change both
# together. No slot for wireless updates: the watch is always updated over USB.
#
# nvs and otadata sit where Arduino's default table has them, so XR TAK's settings and
# Bluetooth pairing survive the change. Pocket Tank keeps its saves in pt_nvs, apart, so
# neither app's housekeeping can erase the other's.
#
# Name,   Type, SubType, Offset,   Size
nvs,      data, nvs,     0x9000,   0x5000,
otadata,  data, ota,     0xe000,   0x2000,
ota_0,    app,  ota_0,   0x10000,  0x200000,
ota_1,    app,  ota_1,   0x210000, 0x200000,
model,    data, 0x40,    0x410000, 0x800000,
pt_nvs,   data, nvs,     0xc10000, 0x10000,
phy_init, data, phy,     0xc20000, 0x1000,
